,n_videos,views,avg_er,avg_velocity
n_videos,1.0,0.8653607474711981,0.8658679072704154,0.10584162813196721
views,0.8653607474711981,1.0,0.7475529303504447,0.47276633693089226
avg_er,0.8658679072704154,0.7475529303504447,1.0,0.11626013467630791
avg_velocity,0.10584162813196721,0.47276633693089226,0.11626013467630791,1.0
