platform,videos,total_views,avg_views,median_eng_pct
TikTok,28844,2878625796,99799.81264734434,8.169681650290887
YouTube,19235,1895270855,98532.40733038732,4.5294290471060625
